energy-consumption-ID,OperationID,teamID,Shift,location,Energy_Consumed(KWh),Carbon Emissions(kg CO2/kWh),Electricity Cost per Unit ($/kWh),Total Energy Cost(USD)
1,1,4,morning,Lake Austin,1192.33,417.3155,0.181141481,215.9804224
2,2,5,evening,Lake Austin,342.77,119.9695,0.255579804,87.60508929
3,3,6,night,Lake Austin,390.03,136.5105,0.287035843,111.9525899
4,4,22,morning,North Lisatown,503.15,176.1025,0.184640139,92.90168612
5,5,23,evening,North Lisatown,622.51,217.8785,0.230915563,143.747247
6,6,24,night,North Lisatown,624.22,218.477,0.159435643,99.52291727
7,7,7,morning,Lake Jamieport,1006.33,352.2155,0.286422004,288.2350552
8,8,8,evening,Lake Jamieport,635.22,222.327,0.344554245,218.8677475
9,9,9,night,Lake Jamieport,547.32,191.562,0.25198441,137.9161076
10,10,25,morning,Petersonview,951.63,333.0705,0.168128389,159.9960188
11,11,26,evening,Petersonview,614.76,215.166,0.188107652,115.6410603
12,12,27,night,Petersonview,739.92,258.972,0.248122547,183.5908353
13,13,22,morning,North Lisatown,936.33,327.7155,0.222584641,208.4126768
14,14,23,evening,North Lisatown,788.56,275.996,0.236915852,186.8223639
15,15,24,night,North Lisatown,524.81,183.6835,0.198753515,104.3078321
16,16,1,morning,Karenbury,977.54,342.139,0.264511464,258.5705369
17,17,2,evening,Karenbury,684.49,239.5715,0.271562484,185.881805
18,18,3,night,Karenbury,1146.97,401.4395,0.315918634,362.3491956
19,19,1,morning,Karenbury,1170.77,409.7695,0.244357207,286.0860869
20,20,2,evening,Karenbury,786.64,275.324,0.269618125,212.0924018
21,21,3,night,Karenbury,730.72,255.752,0.219880869,160.6713486
22,22,19,morning,North Jeremymouth,875.22,306.327,0.208752711,182.704548
23,23,20,evening,North Jeremymouth,679.66,237.881,0.315689753,214.5616973
24,24,21,night,North Jeremymouth,435.47,152.4145,0.210605738,91.7124806
25,25,16,morning,New Sonia,801.26,280.441,0.189038833,151.469255
26,26,17,evening,New Sonia,897.96,314.286,0.307731079,276.3301997
27,27,18,night,New Sonia,1154.44,404.054,0.199214358,229.981024
28,28,4,morning,Lake Austin,603.28,211.148,0.315924206,190.5907548
29,29,5,evening,Lake Austin,757.57,265.1495,0.189571224,143.6134723
30,30,6,night,Lake Austin,1087.6,380.66,0.346808442,377.1888614
31,31,13,morning,Mcfarlandburgh,526.08,184.128,0.294748084,155.061072
32,32,14,evening,Mcfarlandburgh,883.33,309.1655,0.330966977,292.3530597
33,33,15,night,Mcfarlandburgh,448.25,156.8875,0.240388404,107.7541019
34,34,13,morning,Mcfarlandburgh,617.38,216.083,0.298059592,184.0160311
35,35,14,evening,Mcfarlandburgh,1012.13,354.2455,0.340862602,344.9972651
36,36,15,night,Mcfarlandburgh,338.45,118.4575,0.208964488,70.72403103
37,37,22,morning,North Lisatown,870.35,304.6225,0.329407022,286.699402
38,38,23,evening,North Lisatown,987.75,345.7125,0.306904769,303.1451858
39,39,24,night,North Lisatown,1034.24,361.984,0.23691021,245.0220157
40,40,4,morning,Lake Austin,708.09,247.8315,0.169961795,120.3482473
41,41,5,evening,Lake Austin,940.45,329.1575,0.206492175,194.1955662
42,42,6,night,Lake Austin,445.37,155.8795,0.305493498,136.0576392
43,43,13,morning,Mcfarlandburgh,855.62,299.467,0.278589169,238.3664647
44,44,14,evening,Mcfarlandburgh,1084.23,379.4805,0.223772258,242.6205957
45,45,15,night,Mcfarlandburgh,1093.88,382.858,0.271692441,297.1989269
46,46,16,morning,New Sonia,686.71,240.3485,0.269173818,184.8443523
47,47,17,evening,New Sonia,546.36,191.226,0.288895943,157.8411874
48,48,18,night,New Sonia,1063.47,372.2145,0.275510103,292.9967288
49,49,1,morning,Karenbury,527.64,184.674,0.2143435,113.0962044
50,50,2,evening,Karenbury,376.17,131.6595,0.30069277,113.1115992
51,51,3,night,Karenbury,698.43,244.4505,0.158215369,110.50236
52,52,19,morning,North Jeremymouth,763.52,267.232,0.310281278,236.9059615
53,53,20,evening,North Jeremymouth,357.97,125.2895,0.190047229,68.03120657
54,54,21,night,North Jeremymouth,710.9,248.815,0.177874045,126.4506587
55,55,10,morning,Lake Scott,560.45,196.1575,0.308598735,172.9541608
56,56,11,evening,Lake Scott,759.29,265.7515,0.253441066,192.4352672
57,57,12,night,Lake Scott,665.39,232.8865,0.218687062,145.512184
58,58,19,morning,North Jeremymouth,1168.12,408.842,0.167253785,195.3724912
59,59,20,evening,North Jeremymouth,774.1,270.935,0.262251992,203.0092667
60,60,21,night,North Jeremymouth,456.6,159.81,0.245754628,112.2115633
61,61,25,morning,Petersonview,629.7,220.395,0.328304318,206.733229
62,62,26,evening,Petersonview,619.47,216.8145,0.344505356,213.410733
63,63,27,night,Petersonview,662.05,231.7175,0.298404673,197.5588136
64,64,28,morning,Roseberg,1162.59,406.9065,0.346833124,403.2247212
65,65,29,evening,Roseberg,1179.38,412.783,0.332560044,392.2146651
66,66,30,night,Roseberg,1147.82,401.737,0.230429328,264.4913913
67,67,4,morning,Lake Austin,935.06,327.271,0.267391165,250.0267824
68,68,5,evening,Lake Austin,325.76,114.016,0.183807065,59.87698943
69,69,6,night,Lake Austin,667.67,233.6845,0.294880387,196.8827882
70,70,22,morning,North Lisatown,1138,398.3,0.177648653,202.1641675
71,71,23,evening,North Lisatown,1044.38,365.533,0.186289171,194.5566844
72,72,24,night,North Lisatown,893.78,312.823,0.17516097,156.5553722
73,73,16,morning,New Sonia,533.6,186.76,0.206055568,109.9512511
74,74,17,evening,New Sonia,754.59,264.1065,0.16444341,124.087353
75,75,18,night,New Sonia,909.77,318.4195,0.339748447,309.0929446
76,76,28,morning,Roseberg,848.69,297.0415,0.158894146,134.8518726
77,77,29,evening,Roseberg,747.08,261.478,0.290039911,216.6830167
78,78,30,night,Roseberg,310.87,108.8045,0.183379504,57.00718634
79,79,10,morning,Lake Scott,723.73,253.3055,0.305393588,221.0225011
80,80,11,evening,Lake Scott,539.44,188.804,0.158385643,85.43955129
81,81,12,night,Lake Scott,924.74,323.659,0.299812163,277.2482994
82,82,16,morning,New Sonia,788.21,275.8735,0.182290042,143.6828344
83,83,17,evening,New Sonia,1008.22,352.877,0.232296552,234.2060296
84,84,18,night,New Sonia,817.92,286.272,0.327388325,267.7774585
85,85,4,morning,Lake Austin,929.44,325.304,0.188448921,175.1519653
86,86,5,evening,Lake Austin,1053.18,368.613,0.22873608,240.9002647
87,87,6,night,Lake Austin,776.51,271.7785,0.204542859,158.8295753
88,88,1,morning,Karenbury,1156.32,404.712,0.242374214,280.262151
89,89,2,evening,Karenbury,581.27,203.4445,0.161288985,93.75244822
90,90,3,night,Karenbury,975.47,341.4145,0.309931501,302.3288813
91,91,19,morning,North Jeremymouth,766.52,268.282,0.155856288,119.4669622
92,92,20,evening,North Jeremymouth,371.31,129.9585,0.308483356,114.542955
93,93,21,night,North Jeremymouth,570.35,199.6225,0.315455195,179.9198706
94,94,7,morning,Lake Jamieport,862.35,301.8225,0.292654177,252.3703295
95,95,8,evening,Lake Jamieport,882.59,308.9065,0.286320846,252.7039152
96,96,9,night,Lake Jamieport,364.64,127.624,0.192698936,70.26573989
97,97,16,morning,New Sonia,657.05,229.9675,0.289013742,189.8964794
98,98,17,evening,New Sonia,352.03,123.2105,0.268536714,94.53297945
99,99,18,night,New Sonia,760.44,266.154,0.268450606,204.1405785
100,100,16,morning,New Sonia,466.01,163.1035,0.152907963,71.2566397
101,101,17,evening,New Sonia,969.67,339.3845,0.262177234,254.2253987
102,102,18,night,New Sonia,673.94,235.879,0.161435569,108.7978874
103,103,28,morning,Roseberg,584.55,204.5925,0.265886744,155.4240964
104,104,29,evening,Roseberg,880.02,308.007,0.301837856,265.6233499
105,105,30,night,Roseberg,883.62,309.267,0.189174606,167.1584656
106,106,10,morning,Lake Scott,952.5,333.375,0.217260961,206.9410652
107,107,11,evening,Lake Scott,1105.95,387.0825,0.199102165,220.1970396
108,108,12,night,Lake Scott,642.86,225.001,0.192692362,123.8742121
109,109,25,morning,Petersonview,724.53,253.5855,0.19702939,142.7537042
110,110,26,evening,Petersonview,1062.52,371.882,0.22323564,237.1923319
111,111,27,night,Petersonview,1077.8,377.23,0.221240333,238.4528307
112,112,4,morning,Lake Austin,1320.54,462.189,0.327191795,432.0698524
113,113,5,evening,Lake Austin,862.88,302.008,0.302892502,261.359882
114,114,6,night,Lake Austin,670.3,234.605,0.290984155,195.0466791
115,115,16,morning,New Sonia,832.29,291.3015,0.199277192,165.856414
116,116,17,evening,New Sonia,793.54,277.739,0.263399185,209.0177891
117,117,18,night,New Sonia,568.07,198.8245,0.275248319,156.3603126
118,118,4,morning,Lake Austin,1013.67,354.7845,0.260960354,264.5276821
119,119,5,evening,Lake Austin,763.29,267.1515,0.157358944,120.1105087
120,120,6,night,Lake Austin,537.44,188.104,0.158179444,85.01196046
121,121,16,morning,New Sonia,880.78,308.273,0.331944822,292.3703601
122,122,17,evening,New Sonia,894.84,313.194,0.206096391,184.4232949
123,123,18,night,New Sonia,691.04,241.864,0.342925166,236.975007
124,124,10,morning,Lake Scott,690.73,241.7555,0.226903926,156.7293487
125,125,11,evening,Lake Scott,461.29,161.4515,0.343042242,158.241956
126,126,12,night,Lake Scott,885.39,309.8865,0.182757656,161.8118007
127,127,7,morning,Lake Jamieport,1121.96,392.686,0.284824525,319.5617246
128,128,8,evening,Lake Jamieport,346.26,121.191,0.204216459,70.71199119
129,129,9,night,Lake Jamieport,960.77,336.2695,0.173464451,166.6594406
130,130,10,morning,Lake Scott,595.31,208.3585,0.338699253,201.6310524
131,131,11,evening,Lake Scott,1116.87,390.9045,0.200671382,224.1238459
132,132,12,night,Lake Scott,376.04,131.614,0.314370038,118.2157092
133,133,1,morning,Karenbury,349.97,122.4895,0.231891571,81.15509304
134,134,2,evening,Karenbury,773.32,270.662,0.199531632,154.3018017
135,135,3,night,Karenbury,1143.76,400.316,0.27422207,313.6442343
136,136,10,morning,Lake Scott,1172.98,410.543,0.290599896,340.8678654
137,137,11,evening,Lake Scott,510.92,178.822,0.30533054,155.9994794
138,138,12,night,Lake Scott,1065.82,373.037,0.290567447,309.6925965
139,139,19,morning,North Jeremymouth,891.24,311.934,0.204458758,182.2218233
140,140,20,evening,North Jeremymouth,880.88,308.308,0.299472454,263.7992957
141,141,21,night,North Jeremymouth,1069.82,374.437,0.27010887,288.9678709
142,142,28,morning,Roseberg,1137.95,398.2825,0.227515415,258.9011669
143,143,29,evening,Roseberg,694.28,242.998,0.180355108,125.2169441
144,144,30,night,Roseberg,445.97,156.0895,0.31350466,139.8136734
145,145,22,morning,North Lisatown,792.74,277.459,0.344072977,272.7604117
146,146,23,evening,North Lisatown,481.9,168.665,0.330269055,159.1566575
147,147,24,night,North Lisatown,1067.98,373.793,0.183770533,196.2632543
148,148,16,morning,New Sonia,949.21,332.2235,0.349219104,331.4822661
149,149,17,evening,New Sonia,1137.91,398.2685,0.2485498,282.8273034
150,150,18,night,New Sonia,736.69,257.8415,0.181931707,134.0272695
